paperId,title,year,authors
530a059cb48477ad1e3d4f8f4b153274c8997332,"Explainable Artificial Intelligence (XAI): Concepts, Taxonomies, Opportunities and Challenges toward Responsible AI",2019,"[{'authorId': '1379511816', 'name': 'Alejandro Barredo Arrieta'}, {'authorId': '2058921025', 'name': 'Natalia Díaz Rodríguez'}, {'authorId': '9221552', 'name': 'J. Ser'}, {'authorId': '1379511786', 'name': 'Adrien Bennetot'}, {'authorId': '3030006', 'name': 'S. Tabik'}, {'authorId': '50449165', 'name': 'A. Barbado'}, {'authorId': '39558258', 'name': 'S. García'}, {'authorId': '1402195255', 'name': 'S. Gil-Lopez'}, {'authorId': '145337392', 'name': 'D. Molina'}, {'authorId': '2445552', 'name': 'Richard Benjamins'}, {'authorId': '2091924780', 'name': 'Raja Chatila'}, {'authorId': '2098723448', 'name': 'Francisco Herrera'}]"
04de4d9eb0d53025c8ab6c99d1e743f4c1bc1eb6,Systematic review of research on artificial intelligence applications in higher education – where are the educators?,2019,"[{'authorId': '1389230375', 'name': 'Olaf Zawacki-Richter'}, {'authorId': '11130878', 'name': 'Victoria I. Marín'}, {'authorId': '145768607', 'name': 'Melissa Bond'}, {'authorId': '1389230390', 'name': 'Franziska Gouverneur'}]"
21dff47a4142445f83016da0819ffe6dd2947f66,Peeking Inside the Black-Box: A Survey on Explainable Artificial Intelligence (XAI),2018,"[{'authorId': '9139705', 'name': 'Amina Adadi'}, {'authorId': '50487490', 'name': 'M. Berrada'}]"
8dbd57469bb32e6d57f23f5e765bf1c9ac8e080c,Sparks of Artificial General Intelligence: Early experiments with GPT-4,2023,"[{'authorId': '121645690', 'name': 'Sébastien Bubeck'}, {'authorId': '143754359', 'name': 'Varun Chandrasekaran'}, {'authorId': '2315830', 'name': 'Ronen Eldan'}, {'authorId': '120962807', 'name': 'John A. Gehrke'}, {'authorId': '2064595436', 'name': 'Eric Horvitz'}, {'authorId': '1783184', 'name': 'Ece Kamar'}, {'authorId': '2397827688', 'name': 'Peter Lee'}, {'authorId': '2109308930', 'name': 'Y. Lee'}, {'authorId': '152244300', 'name': 'Yuan-Fang Li'}, {'authorId': '23451726', 'name': 'Scott M. Lundberg'}, {'authorId': '2268494857', 'name': 'Harsha Nori'}, {'authorId': '2247662718', 'name': 'Hamid Palangi'}, {'authorId': '78846919', 'name': 'Marco Tulio Ribeiro'}, {'authorId': '144884116', 'name': 'Yi Zhang'}]"
a9a654ea503386cbfd8bb119fc650cc3d08dc206,Revised Surgical CAse REport (SCARE) guideline: An update for the age of Artificial Intelligence,2025,"[{'authorId': '67293110', 'name': 'Ahmed Kerwan'}, {'authorId': '1414886863', 'name': 'A. Al-Jabir'}, {'authorId': '35645232', 'name': 'Ginimol Mathew'}, {'authorId': '91573015', 'name': 'C. Sohrabi'}, {'authorId': '2290057522', 'name': 'Rasha Rashid'}, {'authorId': '2247509061', 'name': 'T. Franchi'}, {'authorId': '31614073', 'name': 'Maria Nicola'}, {'authorId': '15447189', 'name': 'M. Agha'}, {'authorId': '120002745', 'name': 'R. Agha'}]"
312e66bcee5bad5376a97f4d771ecdcca2c78078,Transparency In The reporting of Artificial INtelligence – the TITAN guideline,2025,"[{'authorId': '120002745', 'name': 'R. Agha'}, {'authorId': '35645232', 'name': 'Ginimol Mathew'}, {'authorId': '2290057522', 'name': 'Rasha Rashid'}, {'authorId': '67293110', 'name': 'Ahmed Kerwan'}, {'authorId': '1414886863', 'name': 'A. Al-Jabir'}, {'authorId': '91573015', 'name': 'C. Sohrabi'}, {'authorId': '2247509061', 'name': 'T. Franchi'}, {'authorId': '31614073', 'name': 'Maria Nicola'}, {'authorId': '15447189', 'name': 'M. Agha'}]"
5cde474869cb230a29b3ba0f6f685f5162b1a1a1,Revolutionizing healthcare: the role of artificial intelligence in clinical practice,2023,"[{'authorId': '1716508276', 'name': 'Shuroug A. Alowais'}, {'authorId': '2243408972', 'name': 'S. Alghamdi'}, {'authorId': '2291423525', 'name': 'N. Alsuhebany'}, {'authorId': '2243412243', 'name': 'Tariq Alqahtani'}, {'authorId': '2078203152', 'name': 'Abdulrahman I. Alshaya'}, {'authorId': '2159384173', 'name': 'Sumaya N Almohareb'}, {'authorId': '2003687008', 'name': 'Atheer O. Aldairem'}, {'authorId': '144882464', 'name': 'Mohammed A. Alrashed'}, {'authorId': '5565754', 'name': 'Khalid Bin saleh'}, {'authorId': '11708863', 'name': 'H. Badreldin'}, {'authorId': '12112205', 'name': 'Majed S. Al Yami'}, {'authorId': '4884356', 'name': 'Shmeylan A. Al Harbi'}, {'authorId': '6458651', 'name': 'Abdulkareem M. Albekairy'}]"
9faa2b0e5cb93f20df0555c3c350fab0b2eccf3a,Foundation models for generalist medical artificial intelligence,2023,"[{'authorId': '1557487144', 'name': 'Michael Moor'}, {'authorId': '2047009195', 'name': 'Oishi Banerjee'}, {'authorId': '115517806', 'name': 'Zahra F H Abad'}, {'authorId': '2117715807', 'name': 'H. Krumholz'}, {'authorId': '1702139', 'name': 'J. Leskovec'}, {'authorId': '144758045', 'name': 'E. Topol'}, {'authorId': '1453104568', 'name': 'P. Rajpurkar'}]"
6a132499ca1dc0d23cfe7d5db841b819df63b51b,"Artificial Intelligence (AI): Multidisciplinary perspectives on emerging challenges, opportunities, and agenda for research, practice and policy",2019,"[{'authorId': '1724490', 'name': 'Yogesh Kumar Dwivedi'}, {'authorId': '2066599148', 'name': 'Laurie Hughes'}, {'authorId': '3446873', 'name': 'Elvira R. Ismagilova'}, {'authorId': '91018104', 'name': 'G. Aarts'}, {'authorId': '2235927', 'name': 'Crispin R. Coombs'}, {'authorId': '2285182', 'name': 'Tom Crick'}, {'authorId': '144521858', 'name': 'Y. Duan'}, {'authorId': '1410968693', 'name': 'R. Dwivedi'}, {'authorId': '143698898', 'name': 'J. Edwards'}, {'authorId': '121714298', 'name': 'Aled Eirug'}, {'authorId': '26898704', 'name': 'Vassilis Galanos'}, {'authorId': '2937059', 'name': 'P. Ilavarasan'}, {'authorId': '50817520', 'name': 'M. Janssen'}, {'authorId': '2168272578', 'name': 'Paul Jones'}, {'authorId': '2733956', 'name': 'A. Kar'}, {'authorId': '41074539', 'name': 'Hatice Kizgin'}, {'authorId': '1418648774', 'name': 'Bianca Kronemann'}, {'authorId': '1696747', 'name': 'Banita Lal'}, {'authorId': '3094343', 'name': 'B. Lucini'}, {'authorId': '2575165', 'name': 'R. Medaglia'}, {'authorId': '1404797274', 'name': 'K. L. Meunier-FitzHugh'}, {'authorId': '1415234363', 'name': 'L. Meunier-FitzHugh'}, {'authorId': '47033159', 'name': 'S. Misra'}, {'authorId': '52563419', 'name': 'E. Mogaji'}, {'authorId': '2038468629', 'name': 'S. Sharma'}, {'authorId': '153278840', 'name': 'J. Singh'}, {'authorId': '35098701', 'name': 'Vishnupriya Raghavan'}, {'authorId': '2775338', 'name': 'R. Raman'}, {'authorId': '1688149', 'name': 'Nripendra P. Rana'}, {'authorId': '2032434', 'name': 'Spyridon Samothrakis'}, {'authorId': '66781543', 'name': 'Jak Spencer'}, {'authorId': '2191954', 'name': 'K. Tamilmani'}, {'authorId': '102927759', 'name': 'Annie Tubadji'}, {'authorId': '144340154', 'name': 'P. Walton'}, {'authorId': '2116399602', 'name': 'Michael D. Williams'}]"
697ba06bfcabbbde6292d979b87b2642115f1099,ARTIFICIAL INTELLIGENCE IN EDUCATION: CHALLENGES AND OPPORTUNITIES FOR SUSTAINABLE DEVELOPMENT,2025,"[{'authorId': '119848616', 'name': 'S. A. Vakhabova'}, {'authorId': '2310506836', 'name': 'Valery V. Kosulin'}, {'authorId': '2335370855', 'name': 'Ana Zizaeva'}]"
c4e5f756d5cd56b55a315325ef45ab55ec3bcdac,Towards conversational diagnostic artificial intelligence,2025,"[{'authorId': '2244651851', 'name': 'Tao Tu'}, {'authorId': '10685155', 'name': 'Mike Schaekermann'}, {'authorId': '2266472373', 'name': 'Anil Palepu'}, {'authorId': '2279021635', 'name': 'Khaled Saab'}, {'authorId': '2279022140', 'name': 'Jan Freyberg'}, {'authorId': '3480712', 'name': 'Ryutaro Tanno'}, {'authorId': '2217861514', 'name': 'Amy Wang'}, {'authorId': '2279162093', 'name': 'Brenna Li'}, {'authorId': '2224893214', 'name': 'Mohamed Amin'}, {'authorId': '2269173133', 'name': 'Yong Cheng'}, {'authorId': '2298901106', 'name': 'E. Vedadi'}, {'authorId': '2213266', 'name': 'Nenad Tomašev'}, {'authorId': '40151244', 'name': 'Shekoofeh Azizi'}, {'authorId': '2268759673', 'name': 'Karan Singhal'}, {'authorId': '2269258459', 'name': 'Le Hou'}, {'authorId': '2291172852', 'name': 'Albert Webson'}, {'authorId': '2269148145', 'name': 'Kavita Kulkarni'}, {'authorId': '2268760043', 'name': 'S. Mahdavi'}, {'authorId': '52326632', 'name': 'Christopher Semturs'}, {'authorId': '2051681709', 'name': 'Juraj Gottweis'}, {'authorId': '2269147696', 'name': 'Joelle K. Barral'}, {'authorId': '2269148566', 'name': 'Katherine Chou'}, {'authorId': '2084098271', 'name': 'Greg S. Corrado'}, {'authorId': '2269148232', 'name': 'Yossi Matias'}, {'authorId': '2213433382', 'name': 'A. Karthikesalingam'}, {'authorId': '144223091', 'name': 'Vivek Natarajan'}]"
7b72711ac2ea7bd7f519cac162a4a6578bbb7d0d,ARTIFICIAL INTELLIGENCE FOR THE REAL WORLD,2023,"[{'authorId': '72729174', 'name': 'Rajeev Ronanki'}, {'authorId': '2350447013', 'name': 'Andrew Nguyen'}]"
9fc93a7ae7fabaabe1923a5914a29761dead1551,Future Progress in Artificial Intelligence: A Survey of Expert Opinion,2025,"[{'authorId': '1807005', 'name': 'V. C. Müller'}, {'authorId': '2193691', 'name': 'N. Bostrom'}]"
bb01d7be9b49c8a018e134c7f132c39b7d9973ad,Explainable Artificial Intelligence (XAI): What we know and what is left to attain Trustworthy Artificial Intelligence,2023,"[{'authorId': '47495965', 'name': 'Sajid Ali'}, {'authorId': '2999175', 'name': 'T. Abuhmed'}, {'authorId': '1412328163', 'name': 'Shaker El-Sappagh'}, {'authorId': '2065671060', 'name': 'Khan Muhammad'}, {'authorId': '2151319597', 'name': 'J. Alonso-Moral'}, {'authorId': '144833154', 'name': 'R. Confalonieri'}, {'authorId': '1704327', 'name': 'Riccardo Guidotti'}, {'authorId': '9221552', 'name': 'J. Ser'}, {'authorId': '1423321194', 'name': 'N. Díaz-Rodríguez'}, {'authorId': '2098723448', 'name': 'Francisco Herrera'}]"
1e2f50c030a85d3b8ac6ae8218a625ed76723da0,Artificial intelligence in drug development,2025,"[{'authorId': '2336957677', 'name': 'Kang Zhang'}, {'authorId': '2150439478', 'name': 'Xin Yang'}, {'authorId': '2115568943', 'name': 'Yifei Wang'}, {'authorId': '2341465150', 'name': 'Yunfang Yu'}, {'authorId': '2257481824', 'name': 'Niu Huang'}, {'authorId': '2341278744', 'name': 'Gen Li'}, {'authorId': '2341320480', 'name': 'Xiaokun Li'}, {'authorId': '2321665003', 'name': 'Joseph Wu'}, {'authorId': '2144996119', 'name': 'Shengyong Yang'}]"
a7a407968c13ced804a063259d72315a43b84f29,Artificial Intelligence in Education: A Review,2020,"[{'authorId': '1669767608', 'name': 'Lijia Chen'}, {'authorId': '47978704', 'name': 'Pingping Chen'}, {'authorId': '144264986', 'name': 'Zhijian Lin'}]"
8d020275181c69e5e768c6ffc40e09710a6f54f1,Experimental evidence on the productivity effects of generative artificial intelligence,2023,"[{'authorId': '119462164', 'name': 'Shakked Noy'}, {'authorId': '123247135', 'name': 'Whitney Zhang'}]"
f08060425aa8a212d74185ee23a08329b89abcd2,Scientific discovery in the age of artificial intelligence,2023,"[{'authorId': '46506460', 'name': 'Hanchen Wang'}, {'authorId': '2427076', 'name': 'Tianfan Fu'}, {'authorId': '93584228', 'name': 'Yuanqi Du'}, {'authorId': '2153575781', 'name': 'Wenhao Gao'}, {'authorId': '49454094', 'name': 'Kexin Huang'}, {'authorId': '2117941801', 'name': 'Ziming Liu'}, {'authorId': '89356020', 'name': 'P. Chandak'}, {'authorId': '1563693999', 'name': 'Shengchao Liu'}, {'authorId': '2226485816', 'name': 'Peter Van Katwyk'}, {'authorId': '48860334', 'name': 'Andreea Deac'}, {'authorId': '2047844', 'name': 'Anima Anandkumar'}, {'authorId': '46354410', 'name': 'K. Bergen'}, {'authorId': '2188778449', 'name': 'Carla P. Gomes'}, {'authorId': '2226475487', 'name': 'Shirley Ho'}, {'authorId': '143967473', 'name': 'Pushmeet Kohli'}, {'authorId': '1764249', 'name': 'Joan Lasenby'}, {'authorId': '1702139', 'name': 'J. Leskovec'}, {'authorId': '2110264337', 'name': 'Tie-Yan Liu'}, {'authorId': '2613935', 'name': 'A. Manrai'}, {'authorId': '2226493959', 'name': 'D. Marks'}, {'authorId': '2378027', 'name': 'Bharath Ramsundar'}, {'authorId': '2159642226', 'name': 'Le Song'}, {'authorId': '1738536', 'name': 'Jimeng Sun'}, {'authorId': '2115854801', 'name': 'Jian Tang'}, {'authorId': '3444569', 'name': 'Petar Velickovic'}, {'authorId': '2228923747', 'name': 'Max Welling'}, {'authorId': '2359205623', 'name': 'Linfeng Zhang'}, {'authorId': '13027820', 'name': 'Connor W. Coley'}, {'authorId': '1865800402', 'name': 'Y. Bengio'}, {'authorId': '2095762', 'name': 'M. Zitnik'}]"
642bc6776f6032db4695cc8158caef4b24529436,Neuro-Symbolic Artificial Intelligence,2025,"[{'authorId': '1699771', 'name': 'P. Hitzler'}, {'authorId': '51931569', 'name': 'Md Kamruzzaman Sarker'}]"
a21ab8824cdba6f16324e93efc15551445ed34b6,Artificial intelligence in education: A systematic literature review,2024,"[{'authorId': '2117194781', 'name': 'Shan Wang'}, {'authorId': '2155602966', 'name': 'Fang Wang'}, {'authorId': '2332602539', 'name': 'Zhenzhou Zhu'}, {'authorId': '2264403157', 'name': 'Jingxuan Wang'}, {'authorId': '2368468789', 'name': 'T. Tran'}, {'authorId': '2265219069', 'name': 'Zhao Du'}]"
20c02c51420a69ae39b74d8d73148417819dacc1,Interpreting Black-Box Models: A Review on Explainable Artificial Intelligence,2023,"[{'authorId': '150331642', 'name': 'Vikas Hassija'}, {'authorId': '3185174', 'name': 'V. Chamola'}, {'authorId': '2233658018', 'name': 'Atmesh Mahapatra'}, {'authorId': '2147282532', 'name': 'Abhinandan Singal'}, {'authorId': '73235682', 'name': 'Divyansh Goel'}, {'authorId': '5380819', 'name': 'Kaizhu Huang'}, {'authorId': '1752983', 'name': 'Simone Scardapane'}, {'authorId': '115566972', 'name': 'Indro Spinelli'}, {'authorId': '2188228655', 'name': 'Mufti Mahmud'}, {'authorId': '2199960729', 'name': 'Amir Hussain'}]"
53c9f3c34d8481adaf24df3b25581ccf1bc53f5c,Physics-informed machine learning,2021,"[{'authorId': '1720124', 'name': 'G. Karniadakis'}, {'authorId': '3439407', 'name': 'I. Kevrekidis'}, {'authorId': '2149373363', 'name': 'Lu Lu'}, {'authorId': '3410970', 'name': 'P. Perdikaris'}, {'authorId': '118188801', 'name': 'Sifan Wang'}, {'authorId': '2145494483', 'name': 'Liu Yang'}]"
f9c602cc436a9ea2f9e7db48c77d924e09ce3c32,Fashion-MNIST: a Novel Image Dataset for Benchmarking Machine Learning Algorithms,2017,"[{'authorId': '145642373', 'name': 'Han Xiao'}, {'authorId': '4565995', 'name': 'Kashif Rasul'}, {'authorId': '2742129', 'name': 'Roland Vollgraf'}]"
0090023afc66cd2741568599057f4e82b566137c,A Survey on Bias and Fairness in Machine Learning,2019,"[{'authorId': '51997673', 'name': 'Ninareh Mehrabi'}, {'authorId': '2775559', 'name': 'Fred Morstatter'}, {'authorId': '51884035', 'name': 'N. Saxena'}, {'authorId': '1782658', 'name': 'Kristina Lerman'}, {'authorId': '143728483', 'name': 'A. Galstyan'}]"
5c39e37022661f81f79e481240ed9b175dec6513,Towards A Rigorous Science of Interpretable Machine Learning,2017,"[{'authorId': '1388372395', 'name': 'F. Doshi-Velez'}, {'authorId': '3351164', 'name': 'Been Kim'}]"
4954fa180728932959997a4768411ff9136aac81,TensorFlow: A system for large-scale machine learning,2016,"[{'authorId': '2057642721', 'name': 'Martín Abadi'}, {'authorId': '144758007', 'name': 'P. Barham'}, {'authorId': '2108406634', 'name': 'Jianmin Chen'}, {'authorId': '2545358', 'name': 'Z. Chen'}, {'authorId': '36347083', 'name': 'Andy Davis'}, {'authorId': '49959210', 'name': 'J. Dean'}, {'authorId': '145139947', 'name': 'M. Devin'}, {'authorId': '1780892', 'name': 'S. Ghemawat'}, {'authorId': '2060655766', 'name': 'G. Irving'}, {'authorId': '2090818', 'name': 'M. Isard'}, {'authorId': '1942300', 'name': 'M. Kudlur'}, {'authorId': '3369421', 'name': 'J. Levenberg'}, {'authorId': '3089272', 'name': 'R. Monga'}, {'authorId': '144375552', 'name': 'Sherry Moore'}, {'authorId': '20154699', 'name': 'D. Murray'}, {'authorId': '32163737', 'name': 'Benoit Steiner'}, {'authorId': '2080690', 'name': 'P. Tucker'}, {'authorId': '2053781980', 'name': 'Vijay Vasudevan'}, {'authorId': '47941411', 'name': 'Pete Warden'}, {'authorId': '35078078', 'name': 'M. Wicke'}, {'authorId': '2117163698', 'name': 'Yuan Yu'}, {'authorId': '2108113547', 'name': 'Xiaoqiang Zhang'}]"
6bc4b1376ec2812b6d752c4f6bc8d8fd0512db91,Multimodal Machine Learning: A Survey and Taxonomy,2017,"[{'authorId': '1756344', 'name': 'T. Baltrušaitis'}, {'authorId': '118242121', 'name': 'Chaitanya Ahuja'}, {'authorId': '49933077', 'name': 'Louis-philippe Morency'}]"
9c9d7247f8c51ec5a02b0d911d1d7b9e8160495d,TensorFlow: Large-Scale Machine Learning on Heterogeneous Distributed Systems,2016,"[{'authorId': '2057642721', 'name': 'Martín Abadi'}, {'authorId': '2078528337', 'name': 'Ashish Agarwal'}, {'authorId': '144758007', 'name': 'P. Barham'}, {'authorId': '2445241', 'name': 'E. Brevdo'}, {'authorId': '2545358', 'name': 'Z. Chen'}, {'authorId': '48738717', 'name': 'C. Citro'}, {'authorId': '32131713', 'name': 'G. Corrado'}, {'authorId': '36347083', 'name': 'Andy Davis'}, {'authorId': '49959210', 'name': 'J. Dean'}, {'authorId': '145139947', 'name': 'M. Devin'}, {'authorId': '1780892', 'name': 'S. Ghemawat'}, {'authorId': '153440022', 'name': 'I. Goodfellow'}, {'authorId': '2064102917', 'name': 'A. Harp'}, {'authorId': '2060655766', 'name': 'G. Irving'}, {'authorId': '2090818', 'name': 'M. Isard'}, {'authorId': '39978391', 'name': 'Yangqing Jia'}, {'authorId': '1944541', 'name': 'R. Józefowicz'}, {'authorId': '40527594', 'name': 'Lukasz Kaiser'}, {'authorId': '1942300', 'name': 'M. Kudlur'}, {'authorId': '3369421', 'name': 'J. Levenberg'}, {'authorId': '30415265', 'name': 'Dandelion Mané'}, {'authorId': '3089272', 'name': 'R. Monga'}, {'authorId': '144375552', 'name': 'Sherry Moore'}, {'authorId': '20154699', 'name': 'D. Murray'}, {'authorId': '2357599490', 'name': 'C. Olah'}, {'authorId': '144927151', 'name': 'M. Schuster'}, {'authorId': '1789737', 'name': 'Jonathon Shlens'}, {'authorId': '32163737', 'name': 'Benoit Steiner'}, {'authorId': '1701686', 'name': 'I. Sutskever'}, {'authorId': '35210462', 'name': 'Kunal Talwar'}, {'authorId': '2080690', 'name': 'P. Tucker'}, {'authorId': '2657155', 'name': 'Vincent Vanhoucke'}, {'authorId': '2053781980', 'name': 'Vijay Vasudevan'}, {'authorId': '1765169', 'name': 'F. Viégas'}, {'authorId': '1689108', 'name': 'O. Vinyals'}, {'authorId': '47941411', 'name': 'Pete Warden'}, {'authorId': '145233583', 'name': 'M. Wattenberg'}, {'authorId': '35078078', 'name': 'M. Wicke'}, {'authorId': '2117163698', 'name': 'Yuan Yu'}, {'authorId': '2152198093', 'name': 'Xiaoqiang Zheng'}]"
f0dcc9aa31dc9b31b836bcac1b140c8c94a2982d,Membership Inference Attacks Against Machine Learning Models,2016,"[{'authorId': '2520493', 'name': 'R. Shokri'}, {'authorId': '34828439', 'name': 'M. Stronati'}, {'authorId': '3469125', 'name': 'Congzheng Song'}, {'authorId': '1723945', 'name': 'Vitaly Shmatikov'}]"
597bd2e45427563cdf025e53a3239006aa364cfc,Open Graph Benchmark: Datasets for Machine Learning on Graphs,2020,"[{'authorId': '48594758', 'name': 'Weihua Hu'}, {'authorId': '3410500', 'name': 'Matthias Fey'}, {'authorId': '2095762', 'name': 'M. Zitnik'}, {'authorId': '2047998', 'name': 'Yuxiao Dong'}, {'authorId': '40046694', 'name': 'Hongyu Ren'}, {'authorId': '2156641189', 'name': 'Bowen Liu'}, {'authorId': '1754926', 'name': 'Michele Catasta'}, {'authorId': '1702139', 'name': 'J. Leskovec'}]"
f9c990b1b5724e50e5632b94fdb7484ece8a6ce7,Convolutional LSTM Network: A Machine Learning Approach for Precipitation Nowcasting,2015,"[{'authorId': '3008587', 'name': 'Xingjian Shi'}, {'authorId': '2192200', 'name': 'Zhourong Chen'}, {'authorId': '49528584', 'name': 'Hao Wang'}, {'authorId': '1739816', 'name': 'D. Yeung'}, {'authorId': '145771919', 'name': 'W. Wong'}, {'authorId': '2183294', 'name': 'W. Woo'}]"
9f5b82d9915d0752957602224c5056be7e749c83,Foundations of Machine Learning,2021,"[{'authorId': '36203548', 'name': 'N. Nathani'}, {'authorId': '2302607913', 'name': 'Abhishek Singh'}]"
db0cc2f21b20cbc0ab8946090967399c25709614,Practical Secure Aggregation for Privacy-Preserving Machine Learning,2017,"[{'authorId': '2039588', 'name': 'Keith Bonawitz'}, {'authorId': '2072422622', 'name': 'Vladimir Ivanov'}, {'authorId': '4908509', 'name': 'Ben Kreuter'}, {'authorId': '2212030', 'name': 'Antonio Marcedone'}, {'authorId': '145057514', 'name': 'H. B. McMahan'}, {'authorId': '34521172', 'name': 'Sarvar Patel'}, {'authorId': '1878835', 'name': 'Daniel Ramage'}, {'authorId': '2064203013', 'name': 'Aaron Segal'}, {'authorId': '34185195', 'name': 'Karn Seth'}]"
53b047e503f4c24602f376a774d653f7ed56c024,Practical Black-Box Attacks against Machine Learning,2016,"[{'authorId': '2367796356', 'name': 'Nicolas Papernot'}, {'authorId': '144061974', 'name': 'P. Mcdaniel'}, {'authorId': '153440022', 'name': 'I. Goodfellow'}, {'authorId': '1680133', 'name': 'S. Jha'}, {'authorId': '144643812', 'name': 'Z. Celik'}, {'authorId': '144231976', 'name': 'A. Swami'}]"
ad4fd2c149f220a62441576af92a8a669fe81246,Scikit-learn: Machine Learning in Python,2011,"[{'authorId': '2570016', 'name': 'Fabian Pedregosa'}, {'authorId': '3025780', 'name': 'G. Varoquaux'}, {'authorId': '1797840', 'name': 'Alexandre Gramfort'}, {'authorId': '52200573', 'name': 'V. Michel'}, {'authorId': '8493461', 'name': 'B. Thirion'}, {'authorId': '2958756', 'name': 'O. Grisel'}, {'authorId': '27257992', 'name': 'Mathieu Blondel'}, {'authorId': '1881041', 'name': 'Gilles Louppe'}, {'authorId': '2780213', 'name': 'P. Prettenhofer'}, {'authorId': '2067827437', 'name': 'Ron Weiss'}, {'authorId': '39571582', 'name': 'Ron J. Weiss'}, {'authorId': '2081469', 'name': 'J. Vanderplas'}, {'authorId': '144720379', 'name': 'Alexandre Passos'}, {'authorId': '3084321', 'name': 'D. Cournapeau'}, {'authorId': '2423884', 'name': 'M. Brucher'}, {'authorId': '35243423', 'name': 'M. Perrot'}, {'authorId': '1710398', 'name': 'E. Duchesnay'}]"
b0c34618ffd1154f35863e2ce7250ac6b6f2c424,Interpretable Machine Learning,2019,"[{'authorId': '46216076', 'name': 'Bradley C. Boehmke'}, {'authorId': '35664117', 'name': 'Brandon M. Greenwell'}]"
f75b70c9d7078724b592ec3e21de705e7b6ff73f,Double/debiased machine learning for treatment and structural parameters,2017,"[{'authorId': '26331346', 'name': 'V. Chernozhukov'}, {'authorId': '88741529', 'name': 'D. Chetverikov'}, {'authorId': '88741890', 'name': 'Mert Demirer'}, {'authorId': '2259683', 'name': 'E. Duflo'}, {'authorId': '144613163', 'name': 'Christian Hansen'}, {'authorId': '3646527', 'name': 'W. Newey'}, {'authorId': '145607066', 'name': 'J. Robins'}]"
4a2b5058000d567036fc9aaad75bbf71cce53002,Evaluation metrics and statistical tests for machine learning,2024,"[{'authorId': '1579855258', 'name': 'O. Rainio'}, {'authorId': '5303884', 'name': 'J. Teuho'}, {'authorId': '2208742466', 'name': 'R. Klén'}]"
9e27190f2d9b2167d4a66b88696def4585072fd5,SoilGrids250m: Global gridded soil information based on machine learning,2017,"[{'authorId': '2856207', 'name': 'T. Hengl'}, {'authorId': '7549589', 'name': 'Jorge Mendes de Jesus'}, {'authorId': '145253407', 'name': 'G. Heuvelink'}, {'authorId': '9583743', 'name': 'Maria Ruiperez González'}, {'authorId': '30504500', 'name': 'M. Kilibarda'}, {'authorId': '9030720', 'name': 'Aleksandar Blagotić'}, {'authorId': '2228185935', 'name': 'Shangguan Wei'}, {'authorId': '3376186', 'name': 'Marvin N. Wright'}, {'authorId': '3018223', 'name': 'X. Geng'}, {'authorId': '1402912902', 'name': 'B. Bauer-Marschallinger'}, {'authorId': '145669099', 'name': 'M. Guevara'}, {'authorId': '145632581', 'name': 'R. Vargas'}, {'authorId': '145028966', 'name': 'R. MacMillan'}, {'authorId': '49399380', 'name': 'N. Batjes'}, {'authorId': '100653750', 'name': 'J. Leenaars'}, {'authorId': '32830771', 'name': 'E. Ribeiro'}, {'authorId': '2924968', 'name': 'Ichsani Wheeler'}, {'authorId': '2146245', 'name': 'S. Mantel'}, {'authorId': '4953836', 'name': 'B. Kempen'}]"
d422df8bff4e677a3077635db116679d25142bfc,"Machine learning: Trends, perspectives, and prospects",2015,"[{'authorId': '1694621', 'name': 'Michael I. Jordan'}, {'authorId': '2066277988', 'name': 'T. Mitchell'}]"
3c8a456509e6c0805354bd40a35e3f2dbf8069b1,"PyTorch: An Imperative Style, High-Performance Deep Learning Library",2019,"[{'authorId': '3407277', 'name': 'Adam Paszke'}, {'authorId': '39793298', 'name': 'Sam Gross'}, {'authorId': '1403239967', 'name': 'Francisco Massa'}, {'authorId': '1977806', 'name': 'Adam Lerer'}, {'authorId': '2065251344', 'name': 'James Bradbury'}, {'authorId': '114250963', 'name': 'Gregory Chanan'}, {'authorId': '2059271276', 'name': 'Trevor Killeen'}, {'authorId': '3370429', 'name': 'Zeming Lin'}, {'authorId': '3365851', 'name': 'N. Gimelshein'}, {'authorId': '3029482', 'name': 'L. Antiga'}, {'authorId': '3050846', 'name': 'Alban Desmaison'}, {'authorId': '1473151134', 'name': 'Andreas Köpf'}, {'authorId': '2052812305', 'name': 'E. Yang'}, {'authorId': '2253681376', 'name': 'Zachary DeVito'}, {'authorId': '10707709', 'name': 'Martin Raison'}, {'authorId': '41203992', 'name': 'Alykhan Tejani'}, {'authorId': '22236100', 'name': 'Sasank Chilamkurthy'}, {'authorId': '32163737', 'name': 'Benoit Steiner'}, {'authorId': '152599430', 'name': 'Lu Fang'}, {'authorId': '2113829116', 'name': 'Junjie Bai'}, {'authorId': '2127604', 'name': 'Soumith Chintala'}]"
f28e387d4229c5f690ce4570a391c0f47e7155c7,nnU-Net: a self-configuring method for deep learning-based biomedical image segmentation,2020,"[{'authorId': '7886986', 'name': 'Fabian Isensee'}, {'authorId': '51433108', 'name': 'P. Jaeger'}, {'authorId': '51011129', 'name': 'Simon A. A. Kohl'}, {'authorId': '152800798', 'name': 'Jens Petersen'}, {'authorId': '1397951928', 'name': 'Klaus Hermann Maier-Hein'}]"
0084f3cb0a1754272151c5268a783f24bf5676a0,"Review of deep learning: concepts, CNN architectures, challenges, applications, future directions",2021,"[{'authorId': '2281247548', 'name': 'Laith Alzubaidi'}, {'authorId': '1754598', 'name': 'Jinglan Zhang'}, {'authorId': '2073994643', 'name': 'A. Humaidi'}, {'authorId': '1409267833', 'name': 'Ayad Al-dujaili'}, {'authorId': '145013346', 'name': 'Y. Duan'}, {'authorId': '1410016448', 'name': 'O. Al-Shamma'}, {'authorId': '2146732191', 'name': 'José I. Santamaría'}, {'authorId': '1412407676', 'name': 'M. Fadhel'}, {'authorId': '1412958882', 'name': 'Muthana Al-Amidie'}, {'authorId': '144121680', 'name': 'Laith Farhan'}]"
7aa38b85fa8cba64d6a4010543f6695dbf5f1386,Towards Deep Learning Models Resistant to Adversarial Attacks,2017,"[{'authorId': '143826246', 'name': 'A. Ma̧dry'}, {'authorId': '17775913', 'name': 'Aleksandar Makelov'}, {'authorId': '152772922', 'name': 'Ludwig Schmidt'}, {'authorId': '2754804', 'name': 'Dimitris Tsipras'}, {'authorId': '2869958', 'name': 'Adrian Vladu'}]"
3813b88a4ec3c63919df47e9694b577f4691f7e5,A survey on Image Data Augmentation for Deep Learning,2019,"[{'authorId': '150064574', 'name': 'Connor Shorten'}, {'authorId': '1725285', 'name': 'T. Khoshgoftaar'}]"
ff7bcaa4556cb13fc7bf03e477172493546172cd,What Uncertainties Do We Need in Bayesian Deep Learning for Computer Vision?,2017,"[{'authorId': '47645184', 'name': 'Alex Kendall'}, {'authorId': '2681954', 'name': 'Y. Gal'}]"
d86084808994ac54ef4840ae65295f3c0ec4decd,Physics-informed neural networks: A deep learning framework for solving forward and inverse problems involving nonlinear partial differential equations,2019,"[{'authorId': '145401977', 'name': 'M. Raissi'}, {'authorId': '3410970', 'name': 'P. Perdikaris'}, {'authorId': '1720124', 'name': 'G. Karniadakis'}]"
6001895c2fcf69528d01306e9d293d9d2a4cc67b,DeepLabCut: markerless pose estimation of user-defined body parts with deep learning,2018,"[{'authorId': '2068891', 'name': 'Alexander Mathis'}, {'authorId': '41020817', 'name': 'P. Mamidanna'}, {'authorId': '50283382', 'name': 'Kevin M. Cury'}, {'authorId': '39107109', 'name': 'Taiga Abe'}, {'authorId': '144440610', 'name': 'V. Murthy'}, {'authorId': '4058359', 'name': 'Mackenzie W. Mathis'}, {'authorId': '1731199', 'name': 'M. Bethge'}]"
6ff909c6fe089fc8ebfc64eca0f0c3cc34ba277f,A survey on deep learning in medical image analysis,2017,"[{'authorId': '145959882', 'name': 'G. Litjens'}, {'authorId': '3049749', 'name': 'Thijs Kooi'}, {'authorId': '2954103', 'name': 'B. Bejnordi'}, {'authorId': '145101451', 'name': 'A. Setio'}, {'authorId': '143613202', 'name': 'F. Ciompi'}, {'authorId': '2469581', 'name': 'Mohsen Ghafoorian'}, {'authorId': '145388932', 'name': 'J. Laak'}, {'authorId': '8038506', 'name': 'B. Ginneken'}, {'authorId': '144085811', 'name': 'C. I. Sánchez'}]"
44e1dd74f0446ec91221189ad3a65edb1a0208fe,A guide to deep learning in healthcare,2019,"[{'authorId': '1811529', 'name': 'A. Esteva'}, {'authorId': '2364487', 'name': 'Alexandre Robicquet'}, {'authorId': '2378027', 'name': 'Bharath Ramsundar'}, {'authorId': '145712106', 'name': 'Volodymyr Kuleshov'}, {'authorId': '2446263', 'name': 'M. DePristo'}, {'authorId': '2055632320', 'name': 'Katherine Chou'}, {'authorId': '2052275005', 'name': 'Claire Cui'}, {'authorId': '2084098271', 'name': 'Greg S. Corrado'}, {'authorId': '144867807', 'name': 'S. Thrun'}, {'authorId': '48448318', 'name': 'J. Dean'}]"
b2114228411d367cfa6ca091008291f250a2c490,Deep learning and process understanding for data-driven Earth system science,2019,"[{'authorId': '2530948', 'name': 'M. Reichstein'}, {'authorId': '1397959153', 'name': 'Gustau Camps-Valls'}, {'authorId': '121696502', 'name': 'B. Stevens'}, {'authorId': '95799904', 'name': 'M. Jung'}, {'authorId': '1728382', 'name': 'Joachim Denzler'}, {'authorId': '116377499', 'name': 'N. Carvalhais'}, {'authorId': '1764912', 'name': 'Prabhat'}]"
7998468d99ab07bb982294d1c9b53a3bf3934fa6,Object Detection With Deep Learning: A Review,2018,"[{'authorId': '33698309', 'name': 'Zhong-Qiu Zhao'}, {'authorId': None, 'name': 'Peng Zheng'}, {'authorId': '51132438', 'name': 'Shou-tao Xu'}, {'authorId': '1748808', 'name': 'Xindong Wu'}]"
518a7c79968a56d63a691d42f8378be6c776167e,Deep learning in agriculture: A survey,2018,"[{'authorId': '1764301', 'name': 'A. Kamilaris'}, {'authorId': '1398263014', 'name': 'F. Prenafeta-Boldú'}]"
2913c2bf3f92b5ae369400a42b2d27cc5bc05ecb,Deep Learning,2015,"[{'authorId': '1688882', 'name': 'Yann LeCun'}, {'authorId': '1751762', 'name': 'Yoshua Bengio'}, {'authorId': '1695689', 'name': 'Geoffrey E. Hinton'}]"
f35de4f9b1a7c4d3fa96a0d2ab1bf8937671f6b6,Dropout as a Bayesian Approximation: Representing Model Uncertainty in Deep Learning,2015,"[{'authorId': '2681954', 'name': 'Y. Gal'}, {'authorId': '1744700', 'name': 'Zoubin Ghahramani'}]"
657fbf29ea0b4904a3e98d1556f9acf38dddae5f,Wide & Deep Learning for Recommender Systems,2016,"[{'authorId': '2061550', 'name': 'Heng-Tze Cheng'}, {'authorId': '40338695', 'name': 'L. Koc'}, {'authorId': '2066076307', 'name': 'Jeremiah Harmsen'}, {'authorId': '3296031', 'name': 'T. Shaked'}, {'authorId': '2073806959', 'name': 'Tushar Chandra'}, {'authorId': '3312922', 'name': 'H. Aradhye'}, {'authorId': '2064995505', 'name': 'G. Anderson'}, {'authorId': '32131713', 'name': 'G. Corrado'}, {'authorId': '2055400243', 'name': 'Wei Chai'}, {'authorId': '37413761', 'name': 'M. Ispir'}, {'authorId': '1508890387', 'name': 'Rohan Anil'}, {'authorId': '50730596', 'name': 'Zakaria Haque'}, {'authorId': '2217278', 'name': 'Lichan Hong'}, {'authorId': '20048351', 'name': 'Vihan Jain'}, {'authorId': '2109059862', 'name': 'Xiaobing Liu'}, {'authorId': '2329784607', 'name': 'H. Shah'}]"
e9a986c8ff6c2f381d026fe014f6aaa865f34da7,Deep Learning with Differential Privacy,2016,"[{'authorId': '2057642721', 'name': 'Martín Abadi'}, {'authorId': '1396184193', 'name': 'Andy Chu'}, {'authorId': '153440022', 'name': 'I. Goodfellow'}, {'authorId': '145057514', 'name': 'H. B. McMahan'}, {'authorId': '145591745', 'name': 'Ilya Mironov'}, {'authorId': '35210462', 'name': 'Kunal Talwar'}, {'authorId': '2152832173', 'name': 'Li Zhang'}]"
e30d9b8ce108d982169621b88a5e3fb69fec70e1,Using Deep Learning for Image-Based Plant Disease Detection,2016,"[{'authorId': '24178944', 'name': 'S. Mohanty'}, {'authorId': '2068146094', 'name': 'David P. Hughes'}, {'authorId': '3046313', 'name': 'M. Salathé'}]"
5c45a5d05ac564adb67811eeb9d41d6460c70135,Development and Validation of a Deep Learning Algorithm for Detection of Diabetic Retinopathy in Retinal Fundus Photographs.,2016,"[{'authorId': '3236386', 'name': 'Varun Gulshan'}, {'authorId': '49506408', 'name': 'L. Peng'}, {'authorId': '2229081', 'name': 'Marc Coram'}, {'authorId': '2924473', 'name': 'Martin C. Stumpe'}, {'authorId': '97874426', 'name': 'Derek J. Wu'}, {'authorId': '50484974', 'name': 'Arunachalam Narayanaswamy'}, {'authorId': '1811430', 'name': 'Subhashini Venugopalan'}, {'authorId': '10777941', 'name': 'Kasumi Widner'}, {'authorId': '10688956', 'name': 'T. Madams'}, {'authorId': '50162175', 'name': 'Jorge A Cuadros'}, {'authorId': '3423678', 'name': 'R. Kim'}, {'authorId': '2035210', 'name': 'R. Raman'}, {'authorId': '2057376568', 'name': 'Philip Nelson'}, {'authorId': '5791678', 'name': 'J. Mega'}, {'authorId': '47191829', 'name': 'D. Webster'}]"
6424b69f3ff4d35249c0bb7ef912fbc2c86f4ff4,Deep Learning Face Attributes in the Wild,2014,"[{'authorId': '2117940996', 'name': 'Ziwei Liu'}, {'authorId': '47571885', 'name': 'Ping Luo'}, {'authorId': '31843833', 'name': 'Xiaogang Wang'}, {'authorId': '50295995', 'name': 'Xiaoou Tang'}]"
d997beefc0922d97202789d2ac307c55c2c52fba,PointNet: Deep Learning on Point Sets for 3D Classification and Segmentation,2016,"[{'authorId': '144329939', 'name': 'C. Qi'}, {'authorId': '144914140', 'name': 'Hao Su'}, {'authorId': '2216377', 'name': 'Kaichun Mo'}, {'authorId': '51352814', 'name': 'L. Guibas'}]"
4f8d648c52edf74e41b0996128aa536e13cc7e82,Deep Learning,2016,"[{'authorId': '2343609447', 'name': 'Xingbang Hao'}, {'authorId': '8273966', 'name': 'Guigang Zhang'}, {'authorId': '2118869556', 'name': 'Shang Ma'}]"
3a58efcc4558727cc5c131c44923635da4524f33,"Relational inductive biases, deep learning, and graph networks",2018,"[{'authorId': '2019153', 'name': 'P. Battaglia'}, {'authorId': '2158860', 'name': 'Jessica B. Hamrick'}, {'authorId': '2603033', 'name': 'V. Bapst'}, {'authorId': '1398105826', 'name': 'Alvaro Sanchez-Gonzalez'}, {'authorId': '3133079', 'name': 'V. Zambaldi'}, {'authorId': '145478807', 'name': 'Mateusz Malinowski'}, {'authorId': '2844530', 'name': 'Andrea Tacchetti'}, {'authorId': '143724694', 'name': 'David Raposo'}, {'authorId': '35030998', 'name': 'Adam Santoro'}, {'authorId': None, 'name': 'Ryan Faulkner'}, {'authorId': '1854385', 'name': 'Çaglar Gülçehre'}, {'authorId': '2107148568', 'name': 'H. F. Song'}, {'authorId': '5055381', 'name': 'A. Ballard'}, {'authorId': '2058362', 'name': 'J. Gilmer'}, {'authorId': '35188630', 'name': 'George E. Dahl'}, {'authorId': '40348417', 'name': 'Ashish Vaswani'}, {'authorId': '145254624', 'name': 'Kelsey R. Allen'}, {'authorId': '36942233', 'name': 'Charlie Nash'}, {'authorId': '2066201331', 'name': 'Victoria Langston'}, {'authorId': '1745899', 'name': 'Chris Dyer'}, {'authorId': '2801204', 'name': 'N. Heess'}, {'authorId': '1688276', 'name': 'Daan Wierstra'}, {'authorId': '143967473', 'name': 'Pushmeet Kohli'}, {'authorId': '46378362', 'name': 'M. Botvinick'}, {'authorId': '1689108', 'name': 'O. Vinyals'}, {'authorId': '47002813', 'name': 'Yujia Li'}, {'authorId': '1996134', 'name': 'Razvan Pascanu'}]"
54ddb00fa691728944fd8becea90a373d21597cf,Understanding deep learning requires rethinking generalization,2016,"[{'authorId': '151505981', 'name': 'Chiyuan Zhang'}, {'authorId': '1751569', 'name': 'Samy Bengio'}, {'authorId': '1775622', 'name': 'Moritz Hardt'}, {'authorId': '9229182', 'name': 'B. Recht'}, {'authorId': '1689108', 'name': 'O. Vinyals'}]"
0cadae8b546910d8a226954de73530e1e52131e4,Finding Chaos in Noisy Systems,1992,"[{'authorId': '2235318806', 'name': 'Douglas Nychkatl'}, {'authorId': '2420590721', 'name': 'Slephen Ellner'}, {'authorId': '2235318808', 'name': 'Daniel Mccaftrey'}, {'authorId': '2235319232', 'name': 'A. R. Gallanl'}, {'authorId': '2235333426', 'name': 'Douglas Nychkat'}, {'authorId': '2255263286', 'name': 'S. Ellner'}, {'authorId': '2056958855', 'name': 'D. McCaffrey'}, {'authorId': '144117841', 'name': 'A. Gallant'}, {'authorId': '2229412488', 'name': 'Neural Networks'}]"
4f2eda8077dc7a69bb2b4e0a1a086cf054adb3f9,EfficientNet: Rethinking Model Scaling for Convolutional Neural Networks,2019,"[{'authorId': '120805419', 'name': 'Mingxing Tan'}, {'authorId': '2827616', 'name': 'Quoc V. Le'}]"
62ed9bf1d83c8db1f9cbf92ea2f57ea90ef683d9,How Powerful are Graph Neural Networks?,2018,"[{'authorId': '3360632', 'name': 'Keyulu Xu'}, {'authorId': '48594758', 'name': 'Weihua Hu'}, {'authorId': '1702139', 'name': 'J. Leskovec'}, {'authorId': '2594093', 'name': 'S. Jegelka'}]"
3647d6d0f151dc05626449ee09cc7bce55be497e,MobileNets: Efficient Convolutional Neural Networks for Mobile Vision Applications,2017,"[{'authorId': '144727050', 'name': 'Andrew G. Howard'}, {'authorId': '2717876', 'name': 'Menglong Zhu'}, {'authorId': None, 'name': 'Bo Chen'}, {'authorId': '2741985', 'name': 'Dmitry Kalenichenko'}, {'authorId': '2108301072', 'name': 'Weijun Wang'}, {'authorId': '47447630', 'name': 'Tobias Weyand'}, {'authorId': '2612392', 'name': 'M. Andreetto'}, {'authorId': '2595180', 'name': 'Hartwig Adam'}]"
d65ce2b8300541414bfe51d03906fca72e93523c,On Calibration of Modern Neural Networks,2017,"[{'authorId': '144993411', 'name': 'Chuan Guo'}, {'authorId': '10804137', 'name': 'Geoff Pleiss'}, {'authorId': '2117103358', 'name': 'Yu Sun'}, {'authorId': '7446832', 'name': 'Kilian Q. Weinberger'}]"
7a84a692327534fd227fa1e07fcb3816b633c591,Neural Tangent Kernel: Convergence and Generalization in Neural Networks,2018,"[{'authorId': '51034104', 'name': 'Arthur Jacot'}, {'authorId': '50810629', 'name': 'Franck Gabriel'}, {'authorId': '100474520', 'name': 'Clément Hongler'}]"
8cb34cbdcf65c23ef98430441b14a648c4e8d992,ECA-Net: Efficient Channel Attention for Deep Convolutional Neural Networks,2019,"[{'authorId': '49110790', 'name': 'Qilong Wang'}, {'authorId': '1387668229', 'name': 'Banggu Wu'}, {'authorId': '2055691681', 'name': 'Peng Fei Zhu'}, {'authorId': '40426020', 'name': 'P. Li'}, {'authorId': '1724520', 'name': 'W. Zuo'}, {'authorId': '144281199', 'name': 'Q. Hu'}]"
81a4fd3004df0eb05d6c1cef96ad33d5407820df,A Comprehensive Survey on Graph Neural Networks,2019,"[{'authorId': '2109557884', 'name': 'Zonghan Wu'}, {'authorId': '2585415', 'name': 'Shirui Pan'}, {'authorId': '31370754', 'name': 'Fengwen Chen'}, {'authorId': '2062835', 'name': 'Guodong Long'}, {'authorId': '48934799', 'name': 'Chengqi Zhang'}, {'authorId': '144019071', 'name': 'Philip S. Yu'}]"
eb35fdc11a325f21a8ce0ca65058f7480a2fc91f,Improved Regularization of Convolutional Neural Networks with Cutout,2017,"[{'authorId': '32097919', 'name': 'Terrance Devries'}, {'authorId': '144639556', 'name': 'Graham W. Taylor'}]"
d58fd97d7a8308a20b159bbaf02011e26c323852,A Review of Recurrent Neural Networks: LSTM Cells and Network Architectures,2019,"[{'authorId': '2111509432', 'name': 'Yong Yu'}, {'authorId': '2134450193', 'name': 'Xiaosheng Si'}, {'authorId': '1785654', 'name': 'Changhua Hu'}, {'authorId': '50561595', 'name': 'Jian-xun Zhang'}]"
ea5dd6a3d8f210d05e53a7b6fa5e16f1b115f693,Graph Neural Networks: A Review of Methods and Applications,2018,"[{'authorId': '48128428', 'name': 'Jie Zhou'}, {'authorId': '52297757', 'name': 'Ganqu Cui'}, {'authorId': '2621696', 'name': 'Zhengyan Zhang'}, {'authorId': '3443627', 'name': 'Cheng Yang'}, {'authorId': '49293587', 'name': 'Zhiyuan Liu'}, {'authorId': '1753344', 'name': 'Maosong Sun'}]"
e1ec11a1cb3d9745fb18d3bf74247f95a6663d08,Dermatologist-level classification of skin cancer with deep neural networks,2017,"[{'authorId': '1811529', 'name': 'A. Esteva'}, {'authorId': '7999018', 'name': 'Brett Kuprel'}, {'authorId': '5347246', 'name': 'R. Novoa'}, {'authorId': '37397407', 'name': 'J. Ko'}, {'authorId': '4648200', 'name': 'S. Swetter'}, {'authorId': '3213968', 'name': 'H. Blau'}, {'authorId': '144867807', 'name': 'S. Thrun'}]"
21937ecd9d66567184b83eca3d3e09eb4e6fbd60,"The Lottery Ticket Hypothesis: Finding Sparse, Trainable Neural Networks",2018,"[{'authorId': '25581960', 'name': 'Jonathan Frankle'}, {'authorId': '1701041', 'name': 'Michael Carbin'}]"
6c96c2d4a3fbd572fef2d59cb856521ee1746789,Graph Convolutional Neural Networks for Web-Scale Recommender Systems,2018,"[{'authorId': '83539859', 'name': 'Rex Ying'}, {'authorId': '2933399', 'name': 'Ruining He'}, {'authorId': '2118439896', 'name': 'Kaifeng Chen'}, {'authorId': '50988143', 'name': 'Pong Eksombatchai'}, {'authorId': '49437682', 'name': 'William L. Hamilton'}, {'authorId': '1702139', 'name': 'J. Leskovec'}]"
df40ce107a71b770c9d0354b78fdd8989da80d2f,Towards Evaluating the Robustness of Neural Networks,2016,"[{'authorId': '2365115787', 'name': 'Nicholas Carlini'}, {'authorId': '145394689', 'name': 'D. Wagner'}]"
2e55ba6c97ce5eb55abd959909403fe8da7e9fe9,Overcoming catastrophic forgetting in neural networks,2016,"[{'authorId': '2066516991', 'name': 'J. Kirkpatrick'}, {'authorId': '1996134', 'name': 'Razvan Pascanu'}, {'authorId': '3422052', 'name': 'Neil C. Rabinowitz'}, {'authorId': '144056327', 'name': 'J. Veness'}, {'authorId': '2755582', 'name': 'Guillaume Desjardins'}, {'authorId': '2228824', 'name': 'Andrei A. Rusu'}, {'authorId': '8181864', 'name': 'Kieran Milan'}, {'authorId': '34660073', 'name': 'John Quan'}, {'authorId': '34505275', 'name': 'Tiago Ramalho'}, {'authorId': '1398898827', 'name': 'A. Grabska-Barwinska'}, {'authorId': '48987704', 'name': 'D. Hassabis'}, {'authorId': '2388737', 'name': 'C. Clopath'}, {'authorId': '2106164', 'name': 'D. Kumaran'}, {'authorId': '2315504', 'name': 'R. Hadsell'}]"
510e26733aaff585d65701b9f1be7ca9d5afc586,Outrageously Large Neural Networks: The Sparsely-Gated Mixture-of-Experts Layer,2017,"[{'authorId': '1846258', 'name': 'Noam Shazeer'}, {'authorId': '1861312', 'name': 'Azalia Mirhoseini'}, {'authorId': '2275364713', 'name': 'Krzysztof Maziarz'}, {'authorId': '36347083', 'name': 'Andy Davis'}, {'authorId': '2827616', 'name': 'Quoc V. Le'}, {'authorId': '1695689', 'name': 'Geoffrey E. Hinton'}, {'authorId': '48448318', 'name': 'J. Dean'}]"
c41eb895616e453dcba1a70c9b942c5063cc656c,Convolutional Neural Networks on Graphs with Fast Localized Spectral Filtering,2016,"[{'authorId': '3422350', 'name': 'Michaël Defferrard'}, {'authorId': '2549032', 'name': 'X. Bresson'}, {'authorId': '1697397', 'name': 'P. Vandergheynst'}]"
50004c086ffd6a201a4b782281aaa930fbfe6ecf,V-Net: Fully Convolutional Neural Networks for Volumetric Medical Image Segmentation,2016,"[{'authorId': '1877512', 'name': 'Fausto Milletarì'}, {'authorId': '145587209', 'name': 'N. Navab'}, {'authorId': '145774206', 'name': 'Seyed-Ahmad Ahmadi'}]"
1de68f12db136526116c6ac7064fd13965f2c966,"A Survey of Convolutional Neural Networks: Analysis, Applications, and Prospects",2020,"[{'authorId': '2109963918', 'name': 'Zewen Li'}, {'authorId': '153035664', 'name': 'Fan Liu'}, {'authorId': '2124888052', 'name': 'Wenjie Yang'}, {'authorId': '1612537626', 'name': 'Shouheng Peng'}, {'authorId': '2151548704', 'name': 'Jun Zhou'}]"
7580c72df96488927c59a5f31a4b10784adfc749,Convolutional neural networks: an overview and application in radiology,2018,"[{'authorId': '2554362', 'name': 'R. Yamashita'}, {'authorId': '3421183', 'name': 'M. Nishio'}, {'authorId': '152271968', 'name': 'R. Do'}, {'authorId': '2459558', 'name': 'K. Togashi'}]"
846aedd869a00c09b40f1f1f35673cb22bc87490,Mastering the game of Go with deep neural networks and tree search,2016,"[{'authorId': '145824029', 'name': 'David Silver'}, {'authorId': '1885349', 'name': 'Aja Huang'}, {'authorId': '2772217', 'name': 'Chris J. Maddison'}, {'authorId': '35099444', 'name': 'A. Guez'}, {'authorId': '2175946', 'name': 'L. Sifre'}, {'authorId': '47568983', 'name': 'George van den Driessche'}, {'authorId': '4337102', 'name': 'Julian Schrittwieser'}, {'authorId': '2460849', 'name': 'Ioannis Antonoglou'}, {'authorId': '2749418', 'name': 'Vedavyas Panneershelvam'}, {'authorId': '1975889', 'name': 'Marc Lanctot'}, {'authorId': '48373216', 'name': 'S. Dieleman'}, {'authorId': '2401609', 'name': 'Dominik Grewe'}, {'authorId': '4111313', 'name': 'John Nham'}, {'authorId': '2583391', 'name': 'Nal Kalchbrenner'}, {'authorId': '1701686', 'name': 'I. Sutskever'}, {'authorId': '2542999', 'name': 'T. Lillicrap'}, {'authorId': '40662181', 'name': 'Madeleine Leach'}, {'authorId': '2645384', 'name': 'K. Kavukcuoglu'}, {'authorId': '1686971', 'name': 'T. Graepel'}, {'authorId': '48987704', 'name': 'D. Hassabis'}]"
b649a98ce77ece8cd7638bb74ab77d22d9be77e7,XNOR-Net: ImageNet Classification Using Binary Convolutional Neural Networks,2016,"[{'authorId': '143887493', 'name': 'Mohammad Rastegari'}, {'authorId': '2004053', 'name': 'Vicente Ordonez'}, {'authorId': '40497777', 'name': 'J. Redmon'}, {'authorId': '143787583', 'name': 'Ali Farhadi'}]"
7568d13a82f7afa4be79f09c295940e48ec6db89,Image Style Transfer Using Convolutional Neural Networks,2016,"[{'authorId': '1891828', 'name': 'Leon A. Gatys'}, {'authorId': '1746183', 'name': 'Alexander S. Ecker'}, {'authorId': '1731199', 'name': 'M. Bethge'}]"
